Timestamp,Latitude,Longitude,Altitude_m,Target_Pest_Name,Severity_Percentage,Recommended_Chemical,Dosage_ml_per_Litre
2026-09-28 08:55:08,5.037700,7.912875,5.0,Corn_(maize)___Common_rust_,48.50,Azoxystrobin 23% SC,1.00
2026-09-28 08:55:08,5.037700,7.912950,5.0,Corn_(maize)___Fall_Armyworm_lesion,48.50,Chlorantraniliprole 18.5% SC,0.50
2026-09-28 08:55:08,5.037700,7.913000,5.0,Cassava___Cassava_Mosaic_Disease,48.50,Acetamiprid 20% SP + Roguing Rogue Nodes,0.60
2026-09-28 08:55:08,5.037700,7.913075,5.0,Tomato___Early_blight,48.50,Difenoconazole 25% EC,0.80
2026-09-28 08:55:08,5.037700,7.913150,5.0,Potato___Late_blight,48.50,Dimethomorph 50% WP,1.50
2026-09-28 08:55:08,5.037700,7.913250,5.0,Corn_(maize)___Common_rust_,48.50,Azoxystrobin 23% SC,1.00
2026-09-28 08:55:08,5.037725,7.913250,5.0,Corn_(maize)___Fall_Armyworm_lesion,48.50,Chlorantraniliprole 18.5% SC,0.50
2026-09-28 08:55:08,5.037725,7.913200,5.0,Cassava___Cassava_Mosaic_Disease,48.50,Acetamiprid 20% SP + Roguing Rogue Nodes,0.60
2026-09-28 08:55:09,5.037725,7.913125,5.0,Tomato___Early_blight,48.50,Difenoconazole 25% EC,0.80
2026-09-28 08:55:09,5.037725,7.913050,5.0,Potato___Late_blight,48.50,Dimethomorph 50% WP,1.50
2026-09-28 10:06:18,5.037700,7.912875,5.0,Corn_(maize)___Common_rust_,48.50,Azoxystrobin 23% SC,1.00
2026-09-28 10:06:18,5.037700,7.912950,5.0,Corn_(maize)___Fall_Armyworm_lesion,48.50,Chlorantraniliprole 18.5% SC,0.50
2026-09-28 10:06:18,5.037700,7.913000,5.0,Cassava___Cassava_Mosaic_Disease,48.50,Acetamiprid 20% SP + Roguing Rogue Nodes,0.60
2026-09-28 10:06:18,5.037700,7.913075,5.0,Tomato___Early_blight,48.50,Difenoconazole 25% EC,0.80
2026-09-28 10:06:18,5.037700,7.913150,5.0,Potato___Late_blight,48.50,Dimethomorph 50% WP,1.50
2026-09-28 10:06:18,5.037700,7.913250,5.0,Corn_(maize)___Common_rust_,48.50,Azoxystrobin 23% SC,1.00
2026-09-28 10:06:18,5.037725,7.913250,5.0,Corn_(maize)___Fall_Armyworm_lesion,48.50,Chlorantraniliprole 18.5% SC,0.50
2026-09-28 10:06:18,5.037725,7.913200,5.0,Cassava___Cassava_Mosaic_Disease,48.50,Acetamiprid 20% SP + Roguing Rogue Nodes,0.60
2026-09-28 10:06:19,5.037725,7.913125,5.0,Tomato___Early_blight,48.50,Difenoconazole 25% EC,0.80
2026-09-28 10:06:19,5.037725,7.913050,5.0,Potato___Late_blight,48.50,Dimethomorph 50% WP,1.50
2026-09-28 10:12:44,5.037700,7.912875,5.0,Corn_(maize)___Common_rust_,48.50,Azoxystrobin 23% SC,1.00
2026-09-28 10:12:46,5.037700,7.912950,5.0,Corn_(maize)___Fall_Armyworm_lesion,48.50,Chlorantraniliprole 18.5% SC,0.50
2026-09-28 10:12:46,5.037700,7.913000,5.0,Cassava___Cassava_Mosaic_Disease,48.50,Acetamiprid 20% SP + Roguing Rogue Nodes,0.60
2026-09-28 10:12:48,5.037700,7.913075,5.0,Tomato___Early_blight,48.50,Difenoconazole 25% EC,0.80
2026-09-28 10:12:50,5.037700,7.913150,5.0,Potato___Late_blight,48.50,Dimethomorph 50% WP,1.50
2026-09-28 10:12:52,5.037700,7.913250,5.0,Corn_(maize)___Common_rust_,48.50,Azoxystrobin 23% SC,1.00
2026-09-28 10:12:55,5.037725,7.913250,5.0,Corn_(maize)___Fall_Armyworm_lesion,48.50,Chlorantraniliprole 18.5% SC,0.50
2026-09-28 10:12:56,5.037725,7.913200,5.0,Cassava___Cassava_Mosaic_Disease,48.50,Acetamiprid 20% SP + Roguing Rogue Nodes,0.60
2026-09-28 10:12:58,5.037725,7.913125,5.0,Tomato___Early_blight,48.50,Difenoconazole 25% EC,0.80
2026-09-28 10:12:59,5.037725,7.913050,5.0,Potato___Late_blight,48.50,Dimethomorph 50% WP,1.50
2026-09-28 21:54:36,5.037700,7.912875,5.0,Corn_(maize)___Common_rust_,48.50,Azoxystrobin 23% SC,1.00
2026-09-28 21:54:36,5.037700,7.912950,5.0,Corn_(maize)___Fall_Armyworm_lesion,48.50,Chlorantraniliprole 18.5% SC,0.50
2026-09-28 21:54:36,5.037700,7.913000,5.0,Cassava___Cassava_Mosaic_Disease,48.50,Acetamiprid 20% SP + Roguing Rogue Nodes,0.60
2026-09-28 21:54:36,5.037700,7.913075,5.0,Tomato___Early_blight,48.50,Difenoconazole 25% EC,0.80
2026-09-28 21:54:36,5.037700,7.913150,5.0,Potato___Late_blight,48.50,Dimethomorph 50% WP,1.50
2026-09-28 21:54:36,5.037700,7.913250,5.0,Corn_(maize)___Common_rust_,48.50,Azoxystrobin 23% SC,1.00
2026-09-28 21:54:36,5.037725,7.913250,5.0,Corn_(maize)___Fall_Armyworm_lesion,48.50,Chlorantraniliprole 18.5% SC,0.50
2026-09-28 21:54:36,5.037725,7.913200,5.0,Cassava___Cassava_Mosaic_Disease,48.50,Acetamiprid 20% SP + Roguing Rogue Nodes,0.60
2026-09-28 21:54:37,5.037725,7.913125,5.0,Tomato___Early_blight,48.50,Difenoconazole 25% EC,0.80
2026-09-28 21:54:37,5.037725,7.913050,5.0,Potato___Late_blight,48.50,Dimethomorph 50% WP,1.50
